PFN,PFO,PVN,PVO,PMUN,PMUO,System,SystemName,Outlet,Party
.023189474,.136842105,.022752697,-.003451566,-.082170905,.009833782,1,Austria,Der Standard - SPÖ,SPÖ
-.239968421,-.126315789,.028685141,.002480877,-.104439334,-.012434648,1,Austria,Die Presse - SPÖ,SPÖ
-.082073684,.031578947,.083196178,.056991915,-.092386894,-.000382207,1,Austria,Neue Kronen Zeitung - SPÖ,SPÖ
-.029442105,.084210526,.008987302,-.017216962,-.090616401,.001388285,1,Austria,ORF1 - SPÖ,SPÖ
-.239968421,-.126315789,-.0126,-.038804264,-.090409898,.001594788,1,Austria,ATV - SPÖ,SPÖ
-.154536842,-.189473684,.047253942,.04132391,-.067505731,-.007446488,1,Austria,Der Standard - ÖVP,ÖVP
.582305263,.547368421,.029356627,.023426595,-.044601699,.015457544,1,Austria,Die Presse - ÖVP,ÖVP
-.207168421,-.242105263,.058671338,.052741306,-.069785648,-.009726405,1,Austria,Neue Kronen Zeitung - ÖVP,ÖVP
.055989474,.021052632,-.005831746,-.011761778,-.056642971,.003416272,1,Austria,ORF1 - ÖVP,ÖVP
-.101905263,-.136842105,-.0998,-.105730032,-.061760165,-.001700922,1,Austria,ATV - ÖVP,ÖVP
-.1754,-.115789474,.036218257,-.01584488,.012416987,-.014528937,1,Austria,Der Standard - FPÖ,FPÖ
-.1754,-.115789474,.037451406,-.014611731,.018535451,-.008410473,1,Austria,Die Presse - FPÖ,FPÖ
.245652632,.305263158,-.028903185,-.080966322,.04820494,.021259015,1,Austria,Neue Kronen Zeitung - FPÖ,FPÖ
-.122768421,-.063157895,.030949206,-.021113931,.025484381,-.001461544,1,Austria,ORF1 - FPÖ,FPÖ
-.070136842,-.010526316,.1846,.132536863,.030087863,.003141938,1,Austria,ATV - FPÖ,FPÖ
-.107,-.010526316,-.040609959,-.016911522,.081661538,-.012618952,1,Austria,Der Standard - BZÖ,BZÖ
-.107,-.010526316,-.030694779,-.006996343,.090680923,-.003599567,1,Austria,Die Presse - BZÖ,BZÖ
-.107,-.010526316,-.056044586,-.03234615,.107264364,.012983874,1,Austria,Neue Kronen Zeitung - BZÖ,BZÖ
-.107,-.010526316,.035857143,.059555579,.096844466,.002563976,1,Austria,ORF1 - BZÖ,BZÖ
-.054368421,.042105263,-.027,-.003301564,.09495116,.000670669,1,Austria,ATV - BZÖ,BZÖ
.369384211,.378947368,-.004714938,-.005115941,.116498111,.024760596,1,Austria,Der Standard - GRÜNE,GRÜNE
-.1043,-.094736842,-.003898394,-.004299397,.100724659,.008987144,1,Austria,Die Presse - GRÜNE,GRÜNE
-.1043,-.094736842,.003980255,.003579251,.067603238,-.024134277,1,Austria,Neue Kronen Zeitung - GRÜNE,GRÜNE
-.1043,-.094736842,-.009061905,-.009462908,.085830525,-.005906989,1,Austria,ORF1 - GRÜNE,GRÜNE
-.1043,-.094736842,.0157,.015298996,.08803104,-.003706474,1,Austria,ATV - GRÜNE,GRÜNE
.081854545,.036363636,.018920846,.042119804,-.321744336,-.001439942,2,Bulgaria,24 Chasa - GERB,GERB
-.009054545,-.054545455,-.037239604,-.014040646,-.319922019,.000382374,2,Bulgaria,Dnevnik - GERB,GERB
.081854545,.036363636,.002844321,.026043279,-.317503054,.00280134,2,Bulgaria,Trud - GERB,GERB
-.099963636,-.145454545,-.062768627,-.03956967,-.328122695,-.007818302,2,Bulgaria,BNT Kanal 1 - GERB,GERB
.172763636,.127272727,-.037751724,-.014552766,-.314229863,.00607453,2,Bulgaria,bTV - GERB,GERB
-.3095,-.072727273,-.152421752,-.053345243,-.169523283,-.004206846,2,Bulgaria,24 Chasa - BSP,BSP
-.3095,-.072727273,-.126966337,-.027889827,-.169785869,-.004469432,2,Bulgaria,Dnevnik - BSP,BSP
-.218590909,.018181818,-.133960111,-.034883601,-.163731252,.001585185,2,Bulgaria,Trud - BSP,BSP
-.036772727,.2,-.032227451,.066849058,-.153720975,.011595463,2,Bulgaria,BNT Kanal 1 - BSP,BSP
-.3095,-.072727273,-.049806897,.049269613,-.169820807,-.00450437,2,Bulgaria,bTV - BSP,BSP
-.1281,-.018181818,.065253474,-1.72836E-05,.012467208,.001947967,2,Bulgaria,24 Chasa - DPS,DPS
-.1281,-.018181818,.099622772,.034352014,.011811622,.001292381,2,Bulgaria,Dnevnik - DPS,DPS
-.037190909,.072727273,.049185319,-.016085439,.011226033,.000706792,2,Bulgaria,Trud - DPS,DPS
-.1281,-.018181818,.067978431,.002707673,.012507875,.001988634,2,Bulgaria,BNT Kanal 1 - DPS,DPS
-.1281,-.018181818,.044313793,-.020956965,.004583469,-.005935773,2,Bulgaria,bTV - DPS,DPS
.100418182,.145454545,-.020977039,.027073039,.064574895,.003660346,2,Bulgaria,24 Chasa - ATAKA,ATAKA
-.0814,-.036363636,-.056647525,-.008597446,.057859093,-.003055456,2,Bulgaria,Dnevnik - ATAKA,ATAKA
-.0814,-.036363636,-.034308587,.013741491,.06288765,.001973101,2,Bulgaria,Trud - ATAKA,ATAKA
-.0814,-.036363636,-.0814,-.033349921,.055963316,-.004951233,2,Bulgaria,BNT Kanal 1 - ATAKA,ATAKA
-.0814,-.036363636,-.046917241,.001132837,.063287792,.002373243,2,Bulgaria,bTV - ATAKA,ATAKA
-.050290909,1.81818E-06,.066465257,-.040342141,.003881837,.001698362,2,Bulgaria,24 Chasa - SDS-DSB,SDS-DSB
.131518182,.181810909,.103960396,-.002847001,.004630054,.002446579,2,Bulgaria,Dnevnik - SDS-DSB,SDS-DSB
-.050290909,1.81818E-06,.108033241,.001225844,-.000637781,-.002821255,2,Bulgaria,Trud - SDS-DSB,SDS-DSB
-.1412,-.090907273,.117647059,.010839661,.002321922,.000138447,2,Bulgaria,BNT Kanal 1 - SDS-DSB,SDS-DSB
-.1412,-.090907273,.137931034,.031123637,.000721342,-.001462133,2,Bulgaria,bTV - SDS-DSB,SDS-DSB
0,0,-.150461631,.022003571,.143906121,-3.70057E-05,2,Bulgaria,24 Chasa - RZS,RZS
0,0,-.154245545,.018219658,.143606856,-.00033627,2,Bulgaria,Dnevnik - RZS,RZS
0,0,-.160018837,.012446366,.140936176,-.00300695,2,Bulgaria,Trud - RZS,RZS
0,0,-.1988,-.026334797,.142935577,-.001007549,2,Bulgaria,BNT Kanal 1 - RZS,RZS
0,0,-.1988,-.026334797,.148330902,.004387775,2,Bulgaria,bTV - RZS,RZS
-.1988,0,-.149379154,.002508253,-.056162443,-.001622881,2,Bulgaria,24 Chasa - NDSV,NDSV
-.1988,0,-.151084158,.000803249,-.050799737,.003739825,2,Bulgaria,Dnevnik - NDSV,NDSV
-.1988,0,-.154375346,-.002487939,-.055777773,-.001238211,2,Bulgaria,Trud - NDSV,NDSV
-.1988,0,-.133029412,.018857995,-.05448502,5.45412E-05,2,Bulgaria,BNT Kanal 1 - NDSV,NDSV
-.1988,0,-.171568966,-.019681558,-.055472834,-.000933273,2,Bulgaria,bTV - NDSV,NDSV
-.046107692,.030769231,.0462,-.166458333,-.155749405,-.002840142,3,CZ,Blesk - ODS,ODS
.184661538,.261538462,.312866667,.100208333,-.129496083,.02341318,3,CZ,Mlada Fronta Dnes - ODS,ODS
-.3538,-.276923077,.161825,-.050833333,-.17352889,-.020619626,3,CZ,Pravo - ODS,ODS
-.123030769,-.046153846,.1462,-.066458333,-.151408771,.001500492,3,CZ,Ceska televize CT1 - ODS,ODS
-.046107692,.030769231,.3962,.183541667,-.154363167,-.001453904,3,CZ,TV Nova - ODS,ODS
-.092430769,.015384615,-.0232,.089107143,-.119380957,.001075131,3,CZ,Blesk - ČSSD,ČSSD
-.3232,-.215384615,-.037485714,.074821429,-.137217293,-.016761204,3,CZ,Mlada Fronta Dnes - ČSSD,ČSSD
.369107692,.476923077,-.10445,.007857143,-.112444355,.008011734,3,CZ,Pravo - ČSSD,ČSSD
-.246276923,-.138461538,-.0732,.039107143,-.11960299,.000853099,3,CZ,Ceska televize CT1 - ČSSD,ČSSD
-.246276923,-.138461538,-.3232,-.210892857,-.113634848,.00682124,3,CZ,TV Nova - ČSSD,ČSSD
-.1281,0,-.0281,.031875,.074426483,-.001117065,3,CZ,Blesk - KSČM,KSČM
-.1281,0,-.1281,-.068125,.059981321,-.015562227,3,CZ,Mlada Fronta Dnes - KSČM,KSČM
-.1281,0,.012525,.0725,.09193434,.016390792,3,CZ,Pravo - KSČM,KSČM
-.1281,0,-.0281,.031875,.073286329,-.002257219,3,CZ,Ceska televize CT1 - KSČM,KSČM
-.1281,0,-.1281,-.068125,.078089268,.00254572,3,CZ,TV Nova - KSČM,KSČM
-.0723,0,.0277,.0225,.126347426,.000413191,3,CZ,Blesk - KDU-ČSL,KDU-ČSL
-.0723,0,-.0723,-.0775,.127210742,.001276506,3,CZ,Mlada Fronta Dnes - KDU-ČSL,KDU-ČSL
-.0723,0,-.0098,-.015,.123105413,-.002828822,3,CZ,Pravo - KDU-ČSL,KDU-ČSL
-.0723,0,.0277,.0225,.125870764,-6.34718E-05,3,CZ,Ceska televize CT1 - KDU-ČSL,KDU-ČSL
-.0723,0,.0527,.0475,.127136833,.001202597,3,CZ,TV Nova - KDU-ČSL,KDU-ČSL
-.0629,-.046153846,.0371,.02297619,.134056453,.002468885,3,CZ,Blesk - SZ,SZ
.014023077,.030769231,-.015280952,-.029404762,.139221313,.007633745,3,CZ,Mlada Fronta Dnes - SZ,SZ
-.0629,-.046153846,-.0004,-.01452381,.130633491,-.000954077,3,CZ,Pravo - SZ,SZ
.014023077,.030769231,-.0129,-.02702381,.131554668,-3.28997E-05,3,CZ,Ceska televize CT1 - SZ,SZ
.014023077,.030769231,.0621,.04797619,.122471914,-.009115654,3,CZ,TV Nova - SZ,SZ
-.2626,-.2,.03115,.011227106,-.109748478,-.014652026,4,DK,Dagbladet Politiken - Venstre,Venstre
.308828571,.371428571,.079280342,.059357448,-.087194829,.007901622,4,DK,Morgenavisen Jyllands-Posten - Venstre,Venstre
-.2626,-.2,.042161905,.022239011,-.0973617,-.002265249,4,DK,Ekstra Bladet - Venstre,Venstre
-.167361905,-.104761905,-.0126,-.032522894,-.098837947,-.003741495,4,DK,DR1 - Venstre,Venstre
.070733333,.133333333,-.040377778,-.060300672,-.082339303,.012757148,4,DK,TV2 - Venstre,Venstre
-.111842857,-.019047619,-.0485,-.041593407,-.072684357,.014804856,4,DK,Dagbladet Politiken - SD,SD
-.2547,-.161904762,-.0154,-.008527167,-.100779745,-.013290532,4,DK,Morgenavisen Jyllands-Posten - SD,SD
.031014286,.123809524,-.0166,-.009748168,-.082749378,.004739835,4,DK,Ekstra Bladet - SD,SD
-.016604762,.076190476,.0786,.0855,-.08407105,.003418164,4,DK,DR1 - SD,SD
-.111842857,-.019047619,-.0325,-.0256,-.097161537,-.009672324,4,DK,TV2 - SD,SD
-.1386,-.114285714,-.0324,-.008581604,.014879302,-.012310416,4,DK,Dagbladet Politiken - DF,DF
.099495238,.123809524,-.036,-.012267501,.025116494,-.002073224,4,DK,Morgenavisen Jyllands-Posten - DF,DF
.194733333,.219047619,.0138,.037549349,.032827417,.005637699,4,DK,Ekstra Bladet - DF,DF
-.1386,-.114285714,.000288889,.024057285,.022277294,-.004912424,4,DK,DR1 - DF,DF
-.1386,-.114285714,-.0645,-.04075753,.040848083,.013658365,4,DK,TV2 - DF,DF
-.008661905,.066666667,.13985,-.004133089,.056942708,-.006024674,4,DK,Dagbladet Politiken - KF,KF
-.1039,-.028571429,.135416239,-.00856685,.069263398,.006296015,4,DK,Morgenavisen Jyllands-Posten - KF,KF
-.1039,-.028571429,.124671429,-.019311661,.060249633,-.002717749,4,DK,Ekstra Bladet - KF,KF
-.056280952,.019047619,.090544444,-.0534,.059751237,-.003216145,4,DK,DR1 - KF,KF
-.1039,-.028571429,.229433333,.085450244,.068629936,.005662553,4,DK,TV2 - KF,KF
-.0512,-.00952381,.0738,.03965812,.134821546,.019488396,4,DK,Dagbladet Politiken - RV,RV
-.003580952,.038095238,.0172,-.016965812,.111890146,-.003443004,4,DK,Morgenavisen Jyllands-Posten - RV,RV
-.0512,-.00952381,.0155,-.018675214,.112148928,-.003184222,4,DK,Ekstra Bladet - RV,RV
-.0512,-.00952381,.004355556,-.029786325,.119729857,.004396707,4,DK,DR1 - RV,RV
-.0512,-.00952381,.059911111,.025769231,.098075273,-.017257877,4,DK,TV2 - RV,RV
.590947619,.466666667,-.0031,.003422873,.136689278,-.001306136,4,DK,Dagbladet Politiken - Liberal Alliance,Liberal Alliance
-.0281,-.152380952,-.0196,-.013030118,.142604537,.004609123,4,DK,Morgenavisen Jyllands-Posten - Liberal Alliance,Liberal Alliance
-.0281,-.152380952,-.0186,-.012053317,.1357851,-.002210314,4,DK,Ekstra Bladet - Liberal Alliance,Liberal Alliance
.067138095,-.057142857,-.000322222,.006200651,.142050608,.004055194,4,DK,DR1 - Liberal Alliance,Liberal Alliance
.019519048,-.104761905,.008937037,.01545991,.132847548,-.005147866,4,DK,TV2 - Liberal Alliance,Liberal Alliance
.368858824,.341176471,.007514286,.14578882,-.11013969,-.0008,5,Estonia,Postimees - Eesti Reformierakond,Eesti Reformierakond
-.160552941,-.188235294,-.0382,.100074534,-.109920123,-.0005,5,Estonia,Ohtuleht - Eesti Reformierakond,Eesti Reformierakond
-.042905882,-.070588235,-.2782,-.139925466,-.110660496,-.0013,5,Estonia,Eesti Ekspress - Eesti Reformierakond,Eesti Reformierakond
-.101729412,-.129411765,-.104286957,.033987578,-.114077432,-.0047,5,Estonia,ETV - Eesti Reformierakond,Eesti Reformierakond
.074741176,.047058824,-.2782,-.139925466,-.102108345,.0073,5,Estonia,Kanal 2 - Eesti Reformierakond,Eesti Reformierakond
-.2608,-.047058824,-.027033766,-.008266516,-.110003008,-.004666835,5,Estonia,Postimees - Eesti Keskerakond,Eesti Keskerakond
-.084329412,.129411765,-.0608,-.04203275,-.095332795,.010003378,5,Estonia,Ohtuleht - Eesti Keskerakond,Eesti Keskerakond
-.201976471,.011764706,-.2608,-.24203275,-.097675105,.007661068,5,Estonia,Eesti Ekspress - Eesti Keskerakond,Eesti Keskerakond
-.2608,-.047058824,.087026087,.105793337,-.106904768,-.001568595,5,Estonia,ETV - Eesti Keskerakond,Eesti Keskerakond
-.2608,-.047058824,.167771429,.186538679,-.11676519,-.011429017,5,Estonia,Kanal 2 - Eesti Keskerakond,Eesti Keskerakond
-.002229412,.047058824,.068053247,.081352908,-.007238694,.001246081,5,Estonia,Postimees - Isamaa ja Res Publica Liit,Isamaa ja Res Publica
-.119876471,-.070588235,.0413,.054599661,-.013480995,-.00499622,5,Estonia,Ohtuleht - Isamaa ja Res Publica Liit,Isamaa ja Res Publica
.056594118,.105882353,-.1787,-.165400339,-.010670227,-.002185452,5,Estonia,Eesti Ekspress - Isamaa ja Res Publica Liit,Isamaa ja Res Publica
-.119876471,-.070588235,.038691304,.051990966,-.00874333,-.000258555,5,Estonia,ETV - Isamaa ja Res Publica Liit,Isamaa ja Res Publica
-.061052941,-.011764706,-.035842857,-.022543196,-.002290628,.006194147,5,Estonia,Kanal 2 - Isamaa ja Res Publica Liit,Isamaa ja Res Publica
-.1061,-.047058824,.114679221,.032002259,.064309339,-.000635934,5,Estonia,Postimees - Sotsiaal-demokraatlik Erakond,Sotsiaal-demokraatlik
.011547059,.070588235,.1139,.031223038,.063006897,-.001938376,5,Estonia,Ohtuleht - Sotsiaal-demokraatlik Erakond,Sotsiaal-demokraatlik
-.047276471,.011764706,-.1061,-.188776962,.065195744,.000250471,5,Estonia,Eesti Ekspress - Sotsiaal-demokraatlik Erakond,Sotsiaal-demokraatlik
-.047276471,.011764706,.111291304,.028614342,.070679754,.005734481,5,Estonia,ETV - Sotsiaal-demokraatlik Erakond,Sotsiaal-demokraatlik
-.1061,-.047058824,.179614286,.096937324,.061534632,-.003410641,5,Estonia,Kanal 2 - Sotsiaal-demokraatlik Erakond,Sotsiaal-demokraatlik
-.0714,-.011764706,-.0714,-.004,.102082076,.004815388,5,Estonia,Postimees - Eestimaa Rohelised,Eestimaa Rohelised
-.0714,-.011764706,-.0514,.016,.092247139,-.005019548,5,Estonia,Ohtuleht - Eestimaa Rohelised,Eestimaa Rohelised
-.0714,-.011764706,-.0714,-.004,.096466358,-.000800329,5,Estonia,Eesti Ekspress - Eestimaa Rohelised,Eestimaa Rohelised
-.012576471,.047058824,-.0714,-.004,.099223187,.001956499,5,Estonia,ETV - Eestimaa Rohelised,Eestimaa Rohelised
-.0714,-.011764706,-.0714,-.004,.096314678,-.00095201,5,Estonia,Kanal 2 - Eestimaa Rohelised,Eestimaa Rohelised
-.0713,0,-.058312987,-.04687747,.094489977,-2.27333E-07,5,Estonia,Postimees - Eestimaa Rahvaliit,Eestimaa Rahvaliit
-.0713,0,.0287,.040135517,.096979877,.002489672,5,Estonia,Ohtuleht - Eestimaa Rahvaliit,Eestimaa Rahvaliit
-.0713,0,-.0713,-.059864483,.090843726,-.003646479,5,Estonia,Eesti Ekspress - Eestimaa Rahvaliit,Eestimaa Rahvaliit
-.0713,0,-.027821739,-.016386222,.093322589,-.001167616,5,Estonia,ETV - Eestimaa Rahvaliit,Eestimaa Rahvaliit
-.0713,0,.071557143,.08299266,.096814854,.002324649,5,Estonia,Kanal 2 - Eestimaa Rahvaliit,Eestimaa Rahvaliit
-.2311,-.046666667,-.008273913,.014114677,-.114121204,-.004958391,6,Finland,Helsingin Sanomat - KESK,KESK
-.164433333,.02,-.024433333,-.002044743,-.108174076,.000988736,6,Finland,Aamulehti- KESK,KESK
-.2311,-.046666667,-.067834694,-.045446104,-.111454289,-.002291476,6,Finland,Ilta-Sanomat- KESK,KESK
-.164433333,.02,-.024203448,-.001814858,-.108636569,.000526243,6,Finland,YLE TV1- KESK,KESK
-.1311,.053333333,.012802439,.035191029,-.103427925,.005734888,6,Finland,MTV3- KESK,KESK
-.055933333,-.246666667,.016530435,.030702871,-.091133004,.00434362,6,Finland,Helsingin Sanomat - KOK,KOK
.5774,.386666667,-.009266667,.004905769,-.097777206,-.002300582,6,Finland,Aamulehti - KOK,KOK
.1774,-.013333333,-.059334694,-.045162258,-.097700119,-.002223495,6,Finland,Ilta-Sanomat - KOK,KOK
-.155933333,-.346666667,-.015703448,-.001531012,-.099389594,-.003912971,6,Finland,YLE TV1 - KOK,KOK
.410733333,.22,-.003087805,.011084631,-.091383196,.004093428,6,Finland,MTV3 - KOK,KOK
.218933333,.186666667,-.100269565,-.045589355,-.090795541,-.00207186,6,Finland,Helsingin Sanomat - SDP,SDP
-.2144,-.246666667,-.0944,-.039719789,-.088878546,-.000154865,6,Finland,Aamulehti - SDP,SDP
-.0144,-.046666667,-.010318367,.044361843,-.085821277,.002902404,6,Finland,Ilta-Sanomat - SDP,SDP
.352266667,.32,-.024744828,.029935383,-.084842447,.003881235,6,Finland,YLE TV1 - SDP,SDP
-.181066667,-.213333333,-.043668293,.011011918,-.093280595,-.004556914,6,Finland,MTV3 - SDP,SDP
-.054866667,.013333333,-.050156522,.011911883,.039592978,.002727125,6,Finland,Helsingin Sanomat - VAS,VAS
-.054866667,.013333333,-.074866667,-.012798262,.035562289,-.001303564,6,Finland,Aamulehti - VAS,VAS
-.054866667,.013333333,-.067791837,-.005723432,.041091584,.004225731,6,Finland,Ilta-Sanomat - VAS,VAS
-.0882,-.02,-.053717241,.008351163,.039394393,.00252854,6,Finland,YLE TV1 - VAS,VAS
-.0882,-.02,-.063809756,-.001741352,.028688021,-.008177832,6,Finland,MTV3 - VAS,VAS
.048733333,.1,.06213913,.013803106,.050370723,.009219998,6,Finland,Helsingin Sanomat - VIKR,VIKR
-.0846,-.033333333,.0754,.027063976,.041557779,.000407054,6,Finland,Aamulehti - VIKR,VIKR
-.0846,-.033333333,.03784898,-.010487044,.039440233,-.001710492,6,Finland,Ilta-Sanomat - VIKR,VIKR
-.051266667,-4.44089E-18,.053331034,.00499501,.036381487,-.004769238,6,Finland,YLE TV1 - VIKR,VIKR
-.0846,-.033333333,.012960976,-.035375048,.038003403,-.003147322,6,Finland,MTV3 - VIKR,VIKR
-.0486,0,-.005121739,-.025271195,.071693736,-.004856084,6,Finland,Helsingin Sanomat - KD,KD
-.0486,0,.024733333,.004583877,.079222004,.002672184,6,Finland,Aamulehti - KD,KD
-.0486,0,.053440816,.03329136,.073287443,-.003262377,6,Finland,Ilta-Sanomat - KD,KD
-.0486,0,.003124138,-.017025318,.08087271,.00432289,6,Finland,YLE TV1 - KD,KD
-.0486,0,.024570732,.004421276,.077673207,.001123387,6,Finland,MTV3 - KD,KD
-.012366667,.026666667,.095604348,.043589721,.086552398,.007837013,6,Finland,Helsingin Sanomat - SFP,SFP
-.0457,-.006666667,.080966667,.02895204,.076248543,-.002466843,6,Finland,Aamulehti - SFP,SFP
-.0457,-.006666667,.01552449,-.036490137,.075928661,-.002786724,6,Finland,Ilta-Sanomat - SFP,SFP
-.0457,-.006666667,.040506897,-.01150773,.076194196,-.00252119,6,Finland,YLE TV1 - SFP,SFP
-.0457,-.006666667,.027470732,-.024543895,.078653128,-6.2257E-05,6,Finland,MTV3 - SFP,SFP
-.0405,0,.013847826,-.043261708,.072139914,-.01224142,6,Finland,Helsingin Sanomat - PS,PS
-.0405,0,.046166667,-.010942868,.086539212,.002157878,6,Finland,Aamulehti - PS,PS
-.0405,0,.122765306,.065655772,.089527764,.00514643,6,Finland,Ilta-Sanomat - PS,PS
-.0405,0,.045706897,-.011402638,.084325825,-5.55092E-05,6,Finland,YLE TV1 - PS,PS
-.0405,0,.057060976,-4.85586E-05,.089373955,.004992621,6,Finland,MTV3 - PS,PS
-.22125,-.139130435,.100178571,-.023888312,-.089564397,-.009206019,7,Flanders,De Morgen - CD&V,CD&V
.343967391,.426086957,.086442308,-.037624576,-.079208183,.001150195,7,Flanders,De Standard - CD&V,CD&V
-.22125,-.139130435,.092003012,-.032063871,-.084303971,-.003945593,7,Flanders,Het Laatste Nieuws - CD&V,CD&V
-.177771739,-.095652174,.129627193,.005560309,-.071539722,.008818656,7,Flanders,VRT Canvas - CD&V,CD&V
-.134293478,-.052173913,.212083333,.08801645,-.077175616,.003182762,7,Flanders,VTM - CD&V,CD&V
-.1906,-.008695652,-.163814286,-.026059681,-.050384281,-.003023272,7,Flanders,De Morgen - BV,BV
-.1906,-.008695652,-.158548718,-.020794113,-.046800176,.000560832,7,Flanders,De Standard - BV,BV
-.147121739,.034782609,-.106262651,.031491954,-.041843044,.005517965,7,Flanders,Het Laatste Nieuws - BV,BV
-.1906,-.008695652,-.102880702,.034873903,-.055306591,-.007945582,7,Flanders,VRT Canvas - BV,BV
-.1906,-.008695652,-.157266667,-.019512062,-.042470952,.004890057,7,Flanders,VTM - BV,BV
-.07695,-.034782609,-.041235714,-.006331747,.059552828,-.005904173,7,Flanders,De Morgen - N-VA,N-VA
-.033471739,.008695652,-.044898718,-.009994751,.065111058,-.000345944,7,Flanders,De Standard - N-VA,N-VA
-.033471739,.008695652,-.004660843,.030243124,.061969882,-.00348712,7,Flanders,Het Laatste Nieuws - N-VA,N-VA
-.07695,-.034782609,-.006774561,.028129406,.074786417,.009329415,7,Flanders,VRT Canvas - N-VA,N-VA
.010006522,.052173913,-.07695,-.042046033,.065864823,.000407821,7,Flanders,VTM - N-VA,N-VA
-.100843478,-.156521739,.213985714,.033385874,-.045273553,.000747412,7,Flanders,De Morgen - VLD,VLD
-.100843478,-.156521739,.228866667,.048266827,-.044242172,.001778793,7,Flanders,De Standard - VLD,VLD
.420895652,.365217391,.137501205,-.043098635,-.044144124,.001876841,7,Flanders,Het Laatste Nieuws - VLD,VLD
-.144321739,-.2,.110445614,-.070154226,-.04943157,-.003410605,7,Flanders,VRT Canvas - VLD,VLD
.203504348,.147826087,.2122,.03160016,-.047013407,-.000992442,7,Flanders,VTM - VLD,VLD
.527052174,.47826087,.0189,.014738631,-.0175464,.006973886,7,Flanders,De Morgen,SPA
-.1686,-.217391304,.023707692,.019546323,-.02882062,-.004300334,7,Flanders,De Standard,SPA
-.1686,-.217391304,.024171084,.020009715,-.025599369,-.001079082,7,Flanders,Het Laatste Nieuws,SPA
.222704348,.173913043,-.010705263,-.014866633,-.024372677,.000147609,7,Flanders,VRT Canvas,SPA
-.1686,-.217391304,-.035266667,-.039428036,-.026262365,-.001742079,7,Flanders,VTM,SPA
0,0,.026785714,.008155235,.147577733,.00272244,7,Flanders,De Morgen,SLP
0,0,.019230769,.00060029,.148046461,.003191168,7,Flanders,De Standard,SLP
0,0,.012048193,-.006582286,.147660931,.002805638,7,Flanders,Het Laatste Nieuws,SLP
0,0,.035087719,.01645724,.13664706,-.008208233,7,Flanders,VRT Canvas,SLP
0,0,0,-.018630479,.144344279,-.000511013,7,Flanders,VTM,SLP
-.0639,-.017391304,-.0639,0,.08653807,.007689726,7,Flanders,De Morgen,Groenen
-.0639,-.017391304,-.0639,0,.076813633,-.002034711,7,Flanders,De Standard,Groenen
-.0639,-.017391304,-.0639,0,.077159694,-.001688649,7,Flanders,Het Laatste Nieuws,Groenen
.023056522,.069565217,-.0639,0,.080117083,.00126874,7,Flanders,VRT Canvas,Groenen
-.0639,-.017391304,-.0639,0,.073613237,-.005235106,7,Flanders,VTM,Groenen
-.4636,-.242105263,-.162579592,.026286455,-.301555266,-.008392824,8,France,Le Monde,UMP
.167978947,.389473684,-.105014141,.083851906,-.272899467,.020262975,8,France,Le Figaro,UMP
-.4636,-.242105263,-.19741295,-.008546903,-.311356294,-.018193851,8,France,Libération,UMP
-.410968421,-.189473684,-.177885714,.010980333,-.298308371,-.005145929,8,France,France 2,UMP
.062715789,.284210526,-.301437838,-.112571791,-.281692813,.011469629,8,France,TF1,UMP
-.001647368,.178947368,-.177802041,-.004087332,-.251910218,.00514308,8,France,Le Monde,PS
-.4227,-.242105263,-.149972727,.023741981,-.267915735,-.010862436,8,France,Le Figaro,PS
.103615789,.284210526,-.15651295,.017201759,-.247473768,.009579531,8,France,Libération,PS
-.159542105,.021052632,-.177802041,-.004087332,-.254502084,.002551214,8,France,France 2,PS
-.4227,-.242105263,-.206483784,-.032769075,-.263464687,-.006411389,8,France,TF1,PS
.047631579,.031578947,.250102041,.034353595,.161646604,.0010988,8,France,Le Monde,MoDem
-.005,-.021052632,.202070707,-.013677739,.158825694,-.00172211,8,France,Le Figaro,MoDem
-.005,-.021052632,.189244604,-.026503841,.162701839,.002154035,8,France,Libération,MoDem
.047631579,.031578947,.199081633,-.016666813,.158843516,-.001704288,8,France,France 2,MoDem
-.005,-.021052632,.238243243,.022494798,.160721367,.000173563,8,France,TF1,MoDem
-.023,0,.007612245,-.016994806,.145310022,.002436052,8,France,Le Monde,PCF
-.023,0,-.00279798,-.027405031,.135699451,-.007174519,8,France,Le Figaro,PCF
-.023,0,.048942446,.024335395,.1470624,.00418843,8,France,Libération,PCF
-.023,0,.03822449,.013617439,.14831071,.00543674,8,France,France 2,PCF
-.023,0,.031054054,.006447003,.137987267,-.004886703,8,France,TF1,PCF
-.0045,-.021052632,.11794898,-.026334766,.16416769,.00244612,8,France,Le Monde,Verts
-.0045,-.021052632,.086409091,-.057874655,.155889257,-.005832313,8,France,Le Figaro,Verts
.100763158,.084210526,.146579137,.002295391,.170311524,.008589954,8,France,Libération,Verts
-.0045,-.021052632,.158765306,.01448156,.165737161,.004015591,8,France,France 2,Verts
-.0045,-.021052632,.211716216,.06743247,.152502218,-.009219352,8,France,TF1,Verts
-8E-05,0,.045838367,-.013223146,.163461168,-.002731229,8,France,Le Monde,FN
-8E-05,0,.050425051,-.008636462,.1715208,.005328403,8,France,Le Figaro,FN
-8E-05,0,.050279712,-.008781801,.159874299,-.006318098,8,France,Libération,FN
-8E-05,0,.040736327,-.018325186,.161039068,-.005153329,8,France,France 2,FN
-8E-05,0,.108028108,.048966595,.175066648,.008874252,8,France,TF1,FN
.498728571,.375428571,.2273,-.063101772,-.0738337,.000205854,9,Germany,Bild,CDU/CSU
.470157143,.346857143,.21157673,-.078825043,-.064926031,.009113524,9,Germany,Frankfurter Allgemeine Zeitung,CDU/CSU
-.244128571,-.367428571,.310633333,.020231561,-.077683077,-.003643523,9,Germany,Süddeutsche Zeitung,CDU/CSU
-.158414286,-.281714286,.2273,-.063101772,-.075666024,-.00162647,9,Germany,ARD,CDU/CSU
.241585714,.118285714,.181845455,-.108556318,-.062474946,.011564608,9,Germany,ZDF,CDU/CSU
.155871429,.032571429,.7273,.436898228,-.064278045,.009761509,9,Germany,Sat1,CDU/CSU
-.044128571,-.167428571,.2273,-.063101772,-.071034991,.003004563,9,Germany,RTL,CDU/CSU
-.2303,-.208,.138121053,.101898566,-.029768735,.005609291,9,Germany,Bild,SPD
-.2303,-.208,.090454717,.05423223,-.039695836,-.004317811,9,Germany,Frankfurter Allgemeine Zeitung,SPD
.455414286,.477714286,.114938095,.078715609,-.03045065,.004927375,9,Germany,Süddeutsche Zeitung,SPD
.198271429,.220571429,.0197,-.016522487,-.024784683,.010593342,9,Germany,ARD,SPD
-.144585714,-.122285714,-.048481818,-.084704305,-.036191709,-.000813684,9,Germany,ZDF,SPD
-.144585714,-.122285714,-.2303,-.266522487,-.028090102,.007287923,9,Germany,Sat1,SPD
-.0303,-.008,.2072,.170977513,-.030818465,.00455956,9,Germany,RTL,SPD
-.1456,-.032,-.040336842,.018067053,.057787561,.005556914,9,Germany,Bild,FDP
-.088457143,.025142857,-.044971069,.013432826,.065012739,.012782092,9,Germany,Frankfurter Allgemeine Zeitung,FDP
-.088457143,.025142857,-.097980952,-.039577057,.051528145,-.000702502,9,Germany,Süddeutsche Zeitung,FDP
-.1456,-.032,-.0206,.037803895,.0479967,-.004233946,9,Germany,ARD,FDP
-.117028571,-.003428571,.036218182,.094622077,.06059742,.008366773,9,Germany,ZDF,FDP
-.117028571,-.003428571,-.1456,-.087196105,.054048896,.001818249,9,Germany,Sat1,FDP
-.088457143,.025142857,-.0831,-.024696105,.056904587,.00467394,9,Germany,RTL,FDP
-.090328571,.012571429,-.1189,-.029307461,.080638628,.004557356,9,Germany,Bild,Linke
-.1189,-.016,-.074874843,.014717696,.076837454,.000756182,9,Germany,Frankfurter Allgemeine Zeitung,Linke
-.1189,-.016,-.106995238,-.0174027,.079236536,.003155264,9,Germany,Süddeutsche Zeitung,Linke
-.1189,-.016,-.0564,.033192539,.082790083,.006708811,9,Germany,ARD,Linke
-.1189,-.016,-.027990909,.06160163,.079125175,.003043903,9,Germany,ZDF,Linke
-.090328571,.012571429,-.1189,-.029307461,.078787764,.002706492,9,Germany,Sat1,Linke
-.061757143,.041142857,-.1189,-.029307461,.083007732,.00692646,9,Germany,RTL,Linke
-.1071,-.02,-.080784211,-.007556386,.090576245,.004070585,9,Germany,Bild,Grüne
-.1071,-.02,-.056785535,.01644229,.088171673,.001666013,9,Germany,Frankfurter Allgemeine Zeitung,Grüne
-.021385714,.065714286,-.095195238,-.021967413,.102769046,.016263385,9,Germany,Süddeutsche Zeitung,Grüne
-.078528571,.008571429,-.0446,.028627825,.095063924,.008558263,9,Germany,ARD,Grüne
-.078528571,.008571429,-.016190909,.057036916,.084344061,-.002161599,9,Germany,ZDF,Grüne
-.1071,-.02,-.1071,-.033872175,.084931488,-.001574173,9,Germany,Sat1,Grüne
-.1071,-.02,-.1071,-.033872175,.087341138,.000835478,9,Germany,RTL,Grüne
-.381,-.482352941,-.120910314,-.034327292,-.223184897,-.012812633,10,Greece,Kathimerini,PASOK
.383705882,.282352941,-.081431034,.005151987,-.203395013,.006977251,10,Greece,Ta Nea,PASOK
.266058824,.164705882,-.092988304,-.006405282,-.213199304,-.00282704,10,Greece,Eleftherotypia,PASOK
-.028058824,-.129411765,-.071839695,.014743327,-.224748378,-.014376113,10,Greece,NET,PASOK
.266058824,.164705882,-.065745763,.020837259,-.187333729,.023038535,10,Greece,Mega,PASOK
.287482353,.470588235,.050209865,.068255714,-.244360285,.00938227,10,Greece,Kathimerini,ND
-.359576471,-.176470588,.001858621,.01990447,-.261566211,-.007823656,10,Greece,Ta Nea,ND
-.4184,-.235294118,-.026587135,-.008541286,-.264468441,-.010725886,10,Greece,Eleftherotypia,ND
-.124282353,.058823529,-.032903817,-.014857968,-.230171393,.023571162,10,Greece,NET,ND
-.300752941,-.117647059,-.08280678,-.064760931,-.268146444,-.014403889,10,Greece,Mega,ND
-.0815,0,-.011993274,-.017888869,.088613735,.002275349,10,Greece,Kathimerini,KKE
-.0815,0,-.021155172,-.027050768,.083178707,-.003159679,10,Greece,Ta Nea,KKE
-.0815,0,.017915205,.012019609,.089327014,.002988628,10,Greece,Eleftherotypia,KKE
-.0815,0,.017736641,.011841046,.087013659,.000675273,10,Greece,NET,KKE
-.0815,0,.026974576,.021078981,.083558814,-.002779572,10,Greece,Mega,KKE
-.038,0,.020295964,-.003199939,.128504959,.003149036,10,Greece,Kathimerini,LAOS
-.038,0,.020189655,-.003306248,.124360159,-.000995764,10,Greece,Ta Nea,LAOS
-.038,0,.002935673,-.02056023,.118108986,-.007246938,10,Greece,Eleftherotypia,LAOS
-.038,0,.03070229,.007206387,.136072704,.01071678,10,Greece,NET,LAOS
-.038,0,.043355932,.019860029,.119732808,-.005623115,10,Greece,Mega,LAOS
-.0504,-.035294118,.016864574,-.034625902,.11197707,-.006048761,10,Greece,Kathimerini,SYRIZA
-.0504,-.035294118,.050893103,-.000597372,.121114672,.003088841,10,Greece,Ta Nea,SYRIZA
.126070588,.141176471,.073869006,.02237853,.131469839,.013444008,10,Greece,Eleftherotypia,SYRIZA
-.0504,-.035294118,.067920611,.016430135,.106499453,-.011526378,10,Greece,NET,SYRIZA
-.0504,-.035294118,.047905085,-.003585391,.11906812,.001042289,10,Greece,Mega,SYRIZA
.048323529,.047058824,.065733184,.021786287,.158649417,.004054739,10,Greece,Kathimerini,Oikologoi Prasinoi
-.0105,-.011764706,.049844828,.00589793,.156507685,.001913006,10,Greece,Ta Nea,Oikologoi Prasinoi
-.0105,-.011764706,.045055556,.001108658,.158961907,.004367228,10,Greece,Eleftherotypia,Oikologoi Prasinoi
-.0105,-.011764706,.008583969,-.035362928,.145533955,-.009060723,10,Greece,NET,Oikologoi Prasinoi
-.0105,-.011764706,.050516949,.006570052,.15332043,-.001274249,10,Greece,Mega,Oikologoi Prasinoi
-.0714,-.373913043,.375658824,.099353567,.113659348,-.017240164,11,Hungary,Magyar Nemzet,MSZP
.276426087,-.026086957,.191757895,-.084547362,.126549298,-.004350215,11,Hungary,Blikk,MSZP
.885121739,.582608696,.331284564,.054979307,.14841837,.017518857,11,Hungary,Népszabadság,MSZP
.45033913,.147826087,.194225,-.082080256,.136188979,.005289466,11,Hungary,M1,MSZP
-.027921739,-.330434783,.2886,.012294744,.12968157,-.001217943,11,Hungary,RTL Klub,MSZP
.591365217,.634782609,.051211765,-.024926081,-.05959476,.019455687,11,Hungary,Magyar Nemzet,Fidesz-MPSZ
-.191243478,-.147826087,.142852632,.066714786,-.079770525,-.000720079,11,Hungary,Blikk,Fidesz-MPSZ
-.2782,-.234782609,.030524832,-.045613013,-.10058444,-.021533994,11,Hungary,Népszabadság,Fidesz-MPSZ
-.234721739,-.191304348,.0343,-.041837846,-.079381373,-.000330927,11,Hungary,M1,Fidesz-MPSZ
-.104286957,-.060869565,.1218,.045662154,-.075921134,.003129313,11,Hungary,RTL Klub,Fidesz-MPSZ
-.0713,-.034782609,.063994118,.013140716,.118529283,-.009845167,11,Hungary,Magyar Nemzet,SZDSZ
-.0713,-.034782609,.033963158,-.016890244,.128538219,.000163769,11,Hungary,Blikk,SZDSZ
-.027821739,.008695652,.022659732,-.02819367,.13717874,.00880429,11,Hungary,Népszabadság,SZDSZ
-.0713,-.034782609,.08495,.034096599,.13002773,.00165328,11,Hungary,M1,SZDSZ
.059134783,.095652174,.0487,-.002153401,.127598279,-.000776171,11,Hungary,RTL Klub,SZDSZ
-.1061,-.008695652,-.041394118,-.048981188,.082955246,-.01030254,11,Hungary,Magyar Nemzet,MDF
-.062621739,.034782609,.051794737,.044207667,.094773447,.001515661,11,Hungary,Blikk,MDF
-.1061,-.008695652,-.012140268,-.019727339,.102188617,.008930831,11,Hungary,Népszabadság,MDF
-.1061,-.008695652,.065775,.05818793,.097445807,.004188021,11,Hungary,M1,MDF
-.1061,-.008695652,-.0261,-.03368707,.088925814,-.004331973,11,Hungary,RTL Klub,MDF
-.130365217,.104347826,-.237270588,-.038587015,-.043349118,.017932185,11,Hungary,Magyar Nemzet,Jobbik
-.2608,-.026086957,-.208168421,-.009484847,-.057890439,.003390864,11,Hungary,Blikk,Jobbik
-.2608,-.026086957,-.160128859,.038554715,-.075001286,-.013719983,11,Hungary,Népszabadság,Jobbik
-.2608,-.026086957,-.16705,.031633574,-.072081143,-.01079984,11,Hungary,M1,Jobbik
-.2608,-.026086957,-.2208,-.022116426,-.058084529,.003196774,11,Hungary,RTL Klub,Jobbik
.0844,.2,-.047178947,.003750473,-.211125497,.004442246,12,Ireland,Irish Independent,Fianna Fail
-.272742857,-.157142857,-.055916206,-.004986785,-.221507389,-.005939645,12,Ireland,Irish Times,Fianna Fail
-.201314286,-.085714286,.06266087,.11359029,-.212234458,.003333285,12,Ireland,Irish Daily Star,Fianna Fail
.012971429,.128571429,-.144766667,-.093837246,-.207953945,.007613799,12,Ireland,RTÉ1,Fianna Fail
-.201314286,-.085714286,-.069446154,-.018516733,-.22501743,-.009449686,12,Ireland,TV3,Fianna Fail
-.130342857,-.014285714,-.03028502,.023537923,-.065886474,.005162574,12,Ireland,Irish Independent,Fine Gael
.2268,.342857143,-.087429249,-.033606306,-.065859493,.005189555,12,Ireland,Irish Times,Fine Gael
-.2732,-.157142857,-.121026087,-.067203144,-.077574733,-.006525685,12,Ireland,Irish Daily Star,Fine Gael
-.201771429,-.085714286,-.064866667,-.011043724,-.071150662,-.000101614,12,Ireland,RTÉ1,Fine Gael
-.201771429,-.085714286,.034492308,.088315251,-.074773878,-.00372483,12,Ireland,TV3,Fine Gael
-.1013,-.085714286,.016108907,-.032082553,.098821075,-.002569148,12,Ireland,Irish Independent,Labour
-.1013,-.085714286,.037039921,-.011151539,.104060603,.00267038,12,Ireland,Irish Times,Labour
.112985714,.128571429,.007395652,-.040795808,.098850296,-.002539927,12,Ireland,Irish Daily Star,Labour
-.029871429,-.014285714,.127866667,.079675207,.098945785,-.002444438,12,Ireland,RTÉ1,Labour
.041557143,.057142857,.052546154,.004354694,.106273356,.004883133,12,Ireland,TV3,Labour
-.0694,0,.048008907,.024080668,.122252775,-.004474737,12,Ireland,Irish Independent,Sinn Fein
-.0694,0,.029414229,.00548599,.111827428,-.014900084,12,Ireland,Irish Times,Sinn Fein
-.0694,0,.017556522,-.006371718,.131081187,.004353674,12,Ireland,Irish Daily Star,Sinn Fein
-.0694,0,.0556,.031671761,.126690636,-3.68761E-05,12,Ireland,RTÉ1,Sinn Fein
-.0694,0,-.030938462,-.054866701,.141785536,.015058023,12,Ireland,TV3,Sinn Fein
-.0469,0,.106946154,-.019286511,.149538121,-.002560935,12,Ireland,Irish Independent,Green Party
-.0469,0,.170491304,.04425864,.16507885,.012979793,12,Ireland,Irish Times,Green Party
-.0469,0,.127013043,.000780379,.15347771,.001378653,12,Ireland,Irish Daily Star,Green Party
-.0469,0,.119766667,-.006465998,.147068185,-.005030871,12,Ireland,RTÉ1,Green Party
-.0469,0,.106946154,-.019286511,.145332417,-.00676664,12,Ireland,TV3,Green Party
.060782609,-.173913043,.141151515,.060867107,-.201824214,.004344851,13,Italy,Corriere della Sera,PDL
-.374,-.608695652,.097428571,.017144163,-.236562556,-.030393492,13,Italy,La Repubblica,PDL
.539043478,.304347826,.108758621,.028474213,-.193382255,.01278681,13,Italy,Il Giornale,PDL
.452086957,.217391304,.084333333,.004048925,-.216259472,-.010090408,13,Italy,RAI Uno,PDL
.495565217,.260869565,-.03025,-.110534408,-.182816825,.023352239,13,Italy,Canale 5,PDL
-.083,0,.171272727,.017879348,.088103384,.003046879,13,Italy,Corriere della Sera,LN
-.083,0,.129714286,-.023679094,.063628476,-.021428029,13,Italy,La Repubblica,LN
-.083,0,.150896552,-.002496828,.094400297,.009343792,13,Italy,Il Giornale,LN
-.083,0,.152333333,-.001060046,.077787266,-.007269239,13,Italy,RAI Uno,LN
-.083,0,.16275,.00935662,.101363101,.016306596,13,Italy,Canale 5,LN
-.044,0,.016606061,-.003930997,.119254925,-.002281805,13,Italy,Corriere della Sera,IDV
-.044,0,.041714286,.021177228,.138116423,.016579693,13,Italy,La Repubblica,IDV
-.044,0,.059448276,.038911218,.114052356,-.007484374,13,Italy,Il Giornale,IDV
-.044,0,-.002333333,-.022870391,.126360284,.004823554,13,Italy,RAI Uno,IDV
-.044,0,-.01275,-.033287058,.109899662,-.011637068,13,Italy,Canale 5,IDV
-.288521739,-.147826087,-.180484848,-.04136177,-.171097712,-.005318782,13,Italy,Corriere della Sera,PD
.581043478,.72173913,-.146285714,-.007162636,-.140389447,.025389483,13,Italy,La Repubblica,PD
-.332,-.191304348,-.142344828,-.00322175,-.174048104,-.008269174,13,Italy,Il Giornale,PD
-.332,-.191304348,-.082,.057123078,-.15965915,.006119781,13,Italy,RAI Uno,PD
-.332,-.191304348,-.1445,-.005376922,-.183700238,-.017921308,13,Italy,Canale 5,PD
.161391304,.173913043,-.037545455,.000117741,.1145219,.003708566,13,Italy,Corriere della Sera,UDC
-.056,-.043478261,-.054428571,-.016765375,.105324314,-.005489019,13,Italy,La Repubblica,UDC
-.056,-.043478261,-.065758621,-.028095425,.108101233,-.002712101,13,Italy,Il Giornale,UDC
-.056,-.043478261,-.041333333,-.003670137,.115694987,.004881654,13,Italy,RAI Uno,UDC
-.056,-.043478261,.01075,.048413196,.110424233,-.0003891,13,Italy,Canale 5,UDC
-.031,0,-.031,-.033571429,.131041717,-.003499709,13,Italy,Corriere della Sera,PRC
-.031,0,.011857143,.009285714,.14988279,.015341363,13,Italy,La Repubblica,PRC
-.031,0,-.031,-.033571429,.130876474,-.003664953,13,Italy,Il Giornale,PRC
-.031,0,-.031,-.033571429,.136076085,.001534658,13,Italy,RAI Uno,PRC
-.031,0,.094,.091428571,.124830068,-.009711359,13,Italy,Canale 5,PRC
.4636,-.04,-.0093,-.033535634,-.05350058,.000870657,14,Latvia,Diena,Tautas Partija
-.0968,-.04,.045998354,.02176272,-.056816193,-.002444956,14,Latvia,Latvijas Avize,Tautas Partija
-.1968,-.14,.013144751,-.011090883,-.060034508,-.00566327,14,Latvia,Vesti segodnya,Tautas Partija
-.1968,-.14,.031771429,.007535795,-.052787981,.001583257,14,Latvia,LTV,Tautas Partija
.3032,.36,.039563636,.015328002,-.048716926,.005654311,14,Latvia,LNT,Tautas Partija
.4227,.42,.038325,-.029867901,-.014143321,.00415157,14,Latvia,Diena,Jaunais Laiks
-.1648,-.28,.053306996,-.014885905,-.013508724,.004786168,14,Latvia,Latvijas Avize,Jaunais Laiks
-.1648,-.28,.067244199,-.000948702,-.03333469,-.015039798,14,Latvia,Vesti segodnya,Jaunais Laiks
.4352,.32,.092342857,.024149956,-.01012419,.008170701,14,Latvia,LTV,Jaunais Laiks
-.0648,-.18,.089745455,.021552553,-.020363533,-.002068642,14,Latvia,LNT,Jaunais Laiks
.005,-.12,-.072283333,.031348598,-.006908317,-.001159722,14,Latvia,Diena,Harmony Center
-.1452,-.12,-.112278189,-.008646258,-.01035763,-.004609034,14,Latvia,Latvijas Avize,Harmony Center
.4548,.48,-.089951381,.01368055,.014090388,.019838984,14,Latvia,Vesti segodnya,Harmony Center
-.1452,-.12,-.116628571,-.01299664,-.010688824,-.004940229,14,Latvia,LTV,Harmony Center
-.1452,-.12,-.127018182,-.02338625,-.014878594,-.009129999,14,Latvia,LNT,Harmony Center
.023,-.08,.029816667,-.020545956,-.027486888,-.00402586,14,Latvia,Diena,Union Greens and Farm
.2319,.32,.04589177,-.004470853,-.01808359,.005377438,14,Latvia,Latvijas Avize,Union Greens and Farm
-.1681,-.08,.047369613,-.00299301,-.031798142,-.008337114,14,Latvia,Vesti segodnya,Union Greens and Farm
-.1681,-.08,.060471429,.010108806,-.019663401,.003797627,14,Latvia,LTV,Union Greens and Farm
-.1681,-.08,.068263636,.017901013,-.02027312,.003187908,14,Latvia,LNT,Union Greens and Farm
.0045,-.06,-.003066667,.044665675,.056089824,.000638254,14,Latvia,Diena,LPP - Latvijas Ceļš
-.0864,-.06,-.045247737,.002484605,.048817744,-.006633827,14,Latvia,Latvijas Avize,LPP - Latvijas Ceļš
-.0864,-.06,-.064300552,-.016568211,.062837253,.007385683,14,Latvia,Vesti segodnya,LPP - Latvijas Ceļš
.0136,.04,-.057828571,-.01009623,.051183559,-.004268011,14,Latvia,LTV,LPP - Latvijas Ceļš
.1136,.14,-.068218182,-.02048584,.058329471,.002877901,14,Latvia,LNT,LPP - Latvijas Ceļš
8E-05,-.06,-.013725,.021793932,.077491962,-.001819613,14,Latvia,Diena,Par Cilvēka Tiesīb
-.0606,-.06,-.031793416,.003725516,.078662681,-.000648894,14,Latvia,Latvijas Avize,Par Cilvēka Tiesīb
.2394,.24,-.010876243,.024642689,.095161916,.015850341,14,Latvia,Vesti segodnya,Par Cilvēka Tiesīb
-.0606,-.06,-.0606,-.025081068,.071768714,-.007542861,14,Latvia,LTV,Par Cilvēka Tiesīb
-.0606,-.06,-.0606,-.025081068,.073472602,-.005838973,14,Latvia,LNT,Par Cilvēka Tiesīb
0,-.06,.138433333,-.013858713,.076657321,.001344713,14,Latvia,Diena,Tēvzemei un Brīvīb
.2301,.24,.152322222,3.01755E-05,.079485712,.004173104,14,Latvia,Latvijas Avize,Tēvzemei un Brīvīb
-.0699,-.06,.145569613,-.006722433,.061277781,-.014034827,14,Latvia,Vesti segodnya,Tēvzemei un Brīvīb
-.0699,-.06,.158671429,.006379382,.078512124,.003199516,14,Latvia,LTV,Tēvzemei un Brīvīb
-.0699,-.06,.166463636,.01417159,.080630101,.005317493,14,Latvia,LNT,Tēvzemei un Brīvīb
-.153721739,-.026086957,.159942857,-.090068755,-.049214264,.0020827,15,Lithuania,Lietuvos Rytas,TS-LKD
-.1972,-.069565217,.3028,.052788388,-.054469499,-.003172535,15,Lithuania,Respublika,TS-LKD
-.1972,-.069565217,.374228571,.12421696,-.058228166,-.006931202,15,Lithuania,Vakaro Zinios,TS-LKD
.107147826,.234782609,.257345455,.007333843,-.03616538,.015131584,15,Lithuania,LTV 1,TS-LKD
-.1972,-.069565217,.155741176,-.094270435,-.058407512,-.007110547,15,Lithuania,TV3,TS-LKD
-.1509,-.052173913,-.1509,-.018181818,-.008677602,.000699468,15,Lithuania,Lietuvos Rytas,TPP
-.063943478,.034782609,-.1509,-.018181818,-.005353026,.004024043,15,Lithuania,Respublika,TPP
-.107421739,-.008695652,-.1509,-.018181818,-.009865875,-.000488806,15,Lithuania,Vakaro Zinios,TPP
-.1509,-.052173913,-.059990909,.072727273,-.015540781,-.006163711,15,Lithuania,LTV 1,TPP
-.020465217,.07826087,-.1509,-.018181818,-.007448064,.001929006,15,Lithuania,TV3,TPP
-.1268,-.217391304,.087485714,.158928571,.00541676,-.008324405,15,Lithuania,Lietuvos Rytas,TT
.438417391,.347826087,-.0643,.007142857,.018740533,.004999369,15,Lithuania,Respublika,TT
.35146087,.260869565,-.1268,-.055357143,.019919853,.006178689,15,Lithuania,Vakaro Zinios,TT
-.1268,-.217391304,-.1268,-.055357143,.008297849,-.005443316,15,Lithuania,LTV 1,TT
-.083321739,-.173913043,-.1268,-.055357143,.016330828,.002589664,15,Lithuania,TV3,TT
.448017391,.330434783,-.045771429,.032878151,.022563792,-.00475748,15,Lithuania,Lietuvos Rytas,LSDP_UDL
-.030243478,-.147826087,-.0547,.02394958,.025549419,-.001771853,15,Lithuania,Respublika,LSDP_UDL
-.1172,-.234782609,-.1172,-.03855042,.030484537,.003163265,15,Lithuania,Vakaro Zinios,LSDP_UDL
.274104348,.156521739,-.1172,-.03855042,.028354621,.001033349,15,Lithuania,LTV 1,LSDP_UDL
.013234783,-.104347826,-.058376471,.020273109,.02965399,.002332718,15,Lithuania,TV3,LSDP_UDL
-.046421739,-.017391304,-.0899,-.0125,.045256007,-.007287239,15,Lithuania,Lietuvos Rytas,DP
-.002943478,.026086957,-.0274,.05,.054779021,.002235775,15,Lithuania,Respublika,DP
-.002943478,.026086957,-.0899,-.0125,.056889466,.004346221,15,Lithuania,Vakaro Zinios,DP
-.0899,-.060869565,-.0899,-.0125,.04599288,-.006550366,15,Lithuania,LTV 1,DP
-.002943478,.026086957,-.0899,-.0125,.059798854,.007255608,15,Lithuania,TV3,DP
.058856522,.052173913,.085557143,-.040889992,.124474757,.010173622,15,Lithuania,Lietuvos Rytas,LRLS
-.0281,-.034782609,.0677,-.058747135,.111089711,-.003211424,15,Lithuania,Respublika,LRLS
.015378261,.008695652,.085557143,-.040889992,.110406094,-.003895042,15,Lithuania,Vakaro Zinios,LRLS
-.0281,-.034782609,.215427273,.088980138,.114655922,.000354786,15,Lithuania,LTV 1,LRLS
.015378261,.008695652,.177994118,.051546982,.110879193,-.003421942,15,Lithuania,TV3,LRLS
.033556522,.043478261,.160885714,-.030166157,.096680551,.007413334,15,Lithuania,Lietuvos Rytas,LiCS
-.0534,-.043478261,.1341,-.056951872,.086163841,-.003103375,15,Lithuania,Respublika,LiCS
-.0534,-.043478261,.232314286,.041262414,.086894091,-.002373125,15,Lithuania,Vakaro Zinios,LiCS
.033556522,.043478261,.128418182,-.06263369,.09090489,.001637673,15,Lithuania,LTV 1,LiCS
-.009921739,-8.88178E-18,.299541176,.108489305,.085692709,-.003574507,15,Lithuania,TV3,LiCS
-.174190909,-.009090909,.012677778,-.001396659,-.136563288,.004828218,16,Netherlands,De Telegraaf,CDA
-.2651,-.1,.008709524,-.005364913,-.15098782,-.009596313,16,Netherlands,De Volkskrant,CDA
-.219645455,-.054545455,-.033967925,-.048042361,-.143564358,-.002172852,16,Netherlands,NRC Handelsblad,CDA
-.037827273,.127272727,.075325532,.061251096,-.137505563,.003885943,16,Netherlands,Nederland 1,CDA
-.128736364,.036363636,.007627273,-.006447164,-.138336502,.003055004,16,Netherlands,RTL 4,CDA
-.2119,-.254545455,.081750794,.060185441,-.096938719,-.009372882,16,Netherlands,De Telegraaf,PvdA
.606281818,.563636364,.014290476,-.007274876,-.078804276,.00876156,16,Netherlands,De Volkskrant,PvdA
-.120990909,-.163636364,.0381,.016534647,-.085750681,.001815156,16,Netherlands,NRC Handelsblad,PvdA
.151736364,.109090909,-.041687234,-.063252587,-.08511808,.002447757,16,Netherlands,Nederland 1,PvdA
-.2119,-.254545455,.015372727,-.006192625,-.091217428,-.003651591,16,Netherlands,RTL 4,PvdA
-.1658,-.009090909,-.141990476,-.009001062,-.047092858,-.003972042,16,Netherlands,De Telegraaf,SP
-.120345455,.036363636,-.118180952,.014808462,-.037179913,.005940903,16,Netherlands,De Volkskrant,SP
-.1658,-.009090909,-.118630189,.014359226,-.047358869,-.004238053,16,Netherlands,NRC Handelsblad,SP
-.1658,-.009090909,-.1658,-.032810586,-.041046155,.00207466,16,Netherlands,Nederland 1,SP
-.1658,-.009090909,-.120345455,.01264396,-.042926284,.000194532,16,Netherlands,RTL 4,SP
.398754545,.272727273,-.043525397,-.02826154,-.011518121,.008108088,16,Netherlands,De Telegraaf,VVD
-.1467,-.272727273,-.039557143,-.024293286,-.028258631,-.008632423,16,Netherlands,De Volkskrant,VVD
.171481818,.045454545,-.033492453,-.018228596,-.018849503,.000776705,16,Netherlands,NRC Handelsblad,VVD
-.1467,-.272727273,-.040317021,-.025053164,-.022232772,-.002606563,16,Netherlands,Nederland 1,VVD
.3533,.227272727,.080572727,.095836585,-.017272014,.002354194,16,Netherlands,RTL 4,VVD
.304736364,.290909091,-.01921746,-.059468314,.080954999,.014813014,16,Netherlands,De Telegraaf,PVV
-.0589,-.072727273,.048242857,.007992004,.057932778,-.008209207,16,Netherlands,De Volkskrant,PVV
-.0589,-.072727273,.02600566,-.014245193,.060193136,-.005948849,16,Netherlands,NRC Handelsblad,PVV
-.0589,-.072727273,.068759574,.028508721,.059593833,-.006548152,16,Netherlands,Nederland 1,PVV
-.0589,-.072727273,.077463636,.037212783,.07203518,.005893195,16,Netherlands,RTL 4,PVV
-.046,-.018181818,-.014253968,-.002059159,.068325126,-.011369562,16,Netherlands,De Telegraaf,GL
.044909091,.072727273,-.010285714,.001909095,.092361815,.012667127,16,Netherlands,De Volkskrant,GL
-.046,-.018181818,-.008264151,.003930658,.082596241,.002901554,16,Netherlands,NRC Handelsblad,GL
-.046,-.018181818,.017829787,.030024596,.080025719,.000331031,16,Netherlands,Nederland 1,GL
-.046,-.018181818,-.046,-.033805191,.075164538,-.00453015,16,Netherlands,RTL 4,GL
-.0397,0,.174585714,.062543251,.08645443,.004141235,16,Netherlands,De Telegraaf,CU
-.0397,0,.126966667,.014924203,.078006877,-.004306318,16,Netherlands,De Volkskrant,CU
-.0397,0,.16784717,.055804706,.082168863,-.000144332,16,Netherlands,NRC Handelsblad,CU
-.0397,0,.130512766,.018470303,.083715975,.00140278,16,Netherlands,Nederland 1,CU
-.0397,0,-.0397,-.151742463,.081219829,-.001093366,16,Netherlands,RTL 4,CU
-.0196,-.090909091,-.003726984,-.022541959,.10267843,-.007176068,16,Netherlands,De Telegraaf,D66
.025854545,-.045454545,.016114286,-.002700689,.11322917,.003374671,16,Netherlands,De Volkskrant,D66
.389490909,.318181818,.008701887,-.010113088,.116865171,.007010672,16,Netherlands,NRC Handelsblad,D66
-.0196,-.090909091,.001676596,-.017138379,.108867042,-.000987457,16,Netherlands,Nederland 1,D66
-.0196,-.090909091,.071309091,.052494116,.107632681,-.002221818,16,Netherlands,RTL 4,D66
-.3211,-.466666667,.02,.01,-.14,-.01218419,17,Poland,Gazeta Wyborcza,PiS
.612233333,.466666667,-.06,-.07,-.12,.010004715,17,Poland,Rzeczpospolita,PiS
.612233333,.466666667,.05,.04,-.11,.01924111,17,Poland,TVP 1,PiS
-.3211,-.466666667,.03,.02,-.14,-.017061636,17,Poland,TVN,PiS
.118233333,.166666667,-.02,.01,-.2,.009027337,17,Poland,Gazeta Wyborcza,PO
-.4151,-.366666667,.02,.05,-.22,-.003871175,17,Poland,Rzeczpospolita,PO
-.4151,-.366666667,-.06,-.03,-.23,-.01391787,17,Poland,TVP 1,PO
.518233333,.566666667,-.06,-.03,-.2,.008761708,17,Poland,TVN,PO
-.064833333,.05,-.08,-.02,.08,.004916102,17,Poland,Gazeta Wyborcza,LiD
-.1315,-.016666667,-.04,.03,.07,-.003700553,17,Poland,Rzeczpospolita,LiD
-.1315,-.016666667,-.08,-.02,.06,-.009588057,17,Poland,TVP 1,LiD
-.1315,-.016666667,-.05,.01,.08,.008372508,17,Poland,TVN,LiD
-.0891,0,.12,.01,.1,-.008726046,17,Poland,Gazeta Wyborcza,PSL
-.0891,0,.12,.01,.11,.002851176,17,Poland,Rzeczpospolita,PSL
-.0891,0,.08,-.02,.12,.007767929,17,Poland,TVP 1,PSL
-.0891,0,.11,0,.11,-.001893059,17,Poland,TVN,PSL
.4,.3,.01,-.01,.208399465,.006966797,17,Poland,Gazeta Wyborcza,PD
0,-.1,.01,-.01,.196148505,-.005284164,17,Poland,Rzeczpospolita,PD
0,-.1,.05,.03,.197929556,-.003503112,17,Poland,TVP 1,PD
0,-.1,.02,0,.203253147,.001820479,17,Poland,TVN,PD
-.320145455,-.255,.07,.00619572,-.173894179,-.007301654,18,Portugal,Correio da Manhã,PS
-.138327273,-.073,.1,.033226363,-.166142369,.000450156,18,Portugal,Público,PS
.043490909,.109,.08,.016111006,-.169847357,-.003254832,18,Portugal,Jornal de Notícias,PS
.361672727,.427,.06,-.007076889,-.154293956,.01229857,18,Portugal,RTP1,PS
-.274690909,-.209,.01,-.0484562,-.168784765,-.00219224,18,Portugal,TVI,PS
.072536364,.091,-.03,.01886354,-.0922943,-.000942244,18,Portugal,Correio da Manhã,PSD
.117990909,.136,-.04,.010031746,-.093687312,-.002335256,18,Portugal,Público,PSD
-.018372727,0,-.05,-.000389444,-.092068139,-.000716083,18,Portugal,Jornal de Notícias,PSD
-.2911,-.273,-.07,-.024597748,-.094874334,-.003522278,18,Portugal,RTP1,PSD
.027081818,.045,-.05,-.003908093,-.083836195,.007515861,18,Portugal,TVI,PSD
.077518182,.109,.01,.001479739,.098407509,.000799936,18,Portugal,Correio da Manhã,CSD-PP
-.1043,-.073,-.03,-.033713624,.096671138,-.000936435,18,Portugal,Público,CSD-PP
-.1043,-.073,.01,.000517089,.10058643,.002978857,18,Portugal,Jornal de Notícias,CSD-PP
-.1043,-.073,.01,.005513571,.092754871,-.004852702,18,Portugal,RTP1,CSD-PP
.077518182,.109,.03,.026203226,.099617916,.002010343,18,Portugal,TVI,CSD-PP
-.0981,-.009,-.01,-.019339211,.107869484,.006207,18,Portugal,Correio da Manhã,BE
-.052645455,.036,0,-.004954091,.103287555,.001625071,18,Portugal,Público,BE
-.0981,-.009,.01,.002897986,.106047482,.004384998,18,Portugal,Jornal de Notícias,BE
-.0981,-.009,.01,-.000796595,.096794404,-.004868081,18,Portugal,RTP1,BE
-.0981,-.009,.03,.022191911,.094313498,-.007348987,18,Portugal,TVI,BE
-.033145455,.036,.03,-.007199787,.122211486,.001236962,18,Portugal,Correio da Manhã,PCP_PEV
-.0786,-.009,.03,-.004590394,.122170988,.001196464,18,Portugal,Público,PCP_PEV
-.0786,-.009,.01,-.019136638,.117581584,-.00339294,18,Portugal,Jornal de Notícias,PCP_PEV
-.0786,-.009,.06,.026957662,.121919015,.000944491,18,Portugal,RTP1,PCP_PEV
-.0786,-.009,.04,.003969156,.120989546,1.50226E-05,18,Portugal,TVI,PCP_PEV
-.331,-.189473684,.010269841,-.02745116,-.168886677,-.005260944,19,Romania,Evenimentul Zilei,PSD
-.225736842,-.084210526,-.023307692,-.061028694,-.161450661,.002175072,19,Romania,Libertatea,PSD
-.199421053,-.057894737,.0565,.018778999,-.162916708,.000709025,19,Romania,Jurnalul National,PSD
.169,.310526316,.119,.081278999,-.160937348,.002688385,19,Romania,TVR1,PSD
-.120473684,.021052632,.026142857,-.011578144,-.163937271,-.000311538,19,Romania,Pro TV,PSD
.439557895,.473684211,.380952381,-.050375458,-.158676647,-.002463603,19,Romania,Evenimentul Zilei,PDL
.018505263,.052631579,.384615385,-.046712454,-.154435489,.001777554,19,Romania,Libertatea,PDL
-.3236,-.289473684,.4375,.006172161,-.158609063,-.00239602,19,Romania,Jurnalul National,PDL
-.165705263,-.131578947,.525,.093672161,-.160345469,-.004132425,19,Romania,TVR1,PDL
-.139389474,-.105263158,.428571429,-.00275641,-.14899855,.007214494,19,Romania,Pro TV,PDL
-.1857,-.042105263,-.066652381,.045375458,-.016580678,.001948117,19,Romania,Evenimentul Zilei,PNL
-.1857,-.042105263,-.070315385,.041712454,-.01755612,.000972675,19,Romania,Libertatea,PNL
-.133068421,.010526316,-.1232,-.011172161,-.018917186,-.000388391,19,Romania,Jurnalul National,PNL
-.133068421,.010526316,-.1857,-.073672161,-.020541791,-.002012995,19,Romania,TVR1,PNL
-.080436842,.063157895,-.114271429,-.00224359,-.019048203,-.000519407,19,Romania,Pro TV,PNL
-.0617,-.005263158,-.045826984,-.009279609,.107747507,.007793917,19,Romania,Evenimentul Zilei,UDMR
-.0617,-.005263158,-.023238462,.013308913,.099992394,3.88046E-05,19,Romania,Libertatea,UDMR
-.0617,-.005263158,-.0617,-.025152625,.09793826,-.00201533,19,Romania,Jurnalul National,UDMR
-.0617,-.005263158,-.0617,-.025152625,.102010574,.002056985,19,Romania,TVR1,UDMR
-.035384211,.021052632,.009728571,.046275946,.092079213,-.007874377,19,Romania,Pro TV,UDMR
0,-.10526,-.212488889,.026526252,.168988758,.000118552,19,Romania,Evenimentul Zilei,PC
0,-.10526,-.208215385,.030799756,.164895795,-.003974411,19,Romania,Libertatea,PC
.5263,.42104,-.2236,.01541514,.172595596,.00372539,19,Romania,Jurnalul National,PC
0,-.10526,-.2986,-.05958486,.170435704,.001565498,19,Romania,TVR1,PC
0,-.10526,-.252171429,-.013156288,.167435176,-.00143503,19,Romania,Pro TV,PC
-.0316,-.015789474,.000146032,.015204518,.133807737,-.002136039,19,Romania,Evenimentul Zilei,PRM
.021031579,.036842105,.006861538,.021920024,.134954081,-.000989696,19,Romania,Libertatea,PRM
-.005284211,.010526316,-.0191,-.004041514,.136309101,.000365325,19,Romania,Jurnalul National,PRM
-.0316,-.015789474,-.0316,-.016541514,.135778329,-.000165448,19,Romania,TVR1,PRM
-.0316,-.015789474,-.0316,-.016541514,.138869635,.002925858,19,Romania,Pro TV,PRM
-.2914,-.133,.011231579,.000540102,-.127099017,-.001828595,20,Slovakia,Pravda,SMER
-.2914,-.133,.041933333,.031241857,-.123724382,.001546041,20,Slovakia,Nový Cas,SMER
-.2914,-.133,-.010501124,-.0211926,-.137244802,-.01197438,20,Slovakia,SME,SMER
.375266667,.533,.004896296,-.00579518,-.119935462,.00533496,20,Slovakia,STV 1,SMER
-.2914,-.133,.005897297,-.004794179,-.118348449,.006921973,20,Slovakia,TV Markiza,SMER
.149733333,.067,-.157284211,-.029287596,-.013593783,.001732598,20,Slovakia,Pravda,SDKU-DS
.149733333,.067,-.072488889,.055507725,-.023739217,-.008412835,20,Slovakia,Nový Cas,SDKU-DS
.3164,.233,-.16112809,-.033131476,.001141482,.016467863,20,Slovakia,SME,SDKU-DS
-.1836,-.267,-.146562963,-.018566349,-.025927668,-.010601287,20,Slovakia,STV 1,SDKU-DS
-.016933333,-.1,-.102518919,.025477695,-.014512719,.000813662,20,Slovakia,TV Markiza,SDKU-DS
-.1168,0,-.051010526,.00969426,.05382291,.003918201,20,Slovakia,Pravda,MKP
-.1168,0,-.1168,-.056095214,.048365709,-.001538999,20,Slovakia,Nový Cas,MKP
-.1168,0,.006795506,.067500292,.055954649,.00604994,20,Slovakia,SME,MKP
-.1168,0,-.079762963,-.019058177,.043468103,-.006436606,20,Slovakia,STV 1,MKP
-.1168,0,-.062745946,-.00204116,.047912173,-.001992536,20,Slovakia,TV Markiza,MKP
-.1173,0,.185331579,.000540102,.045845729,-.002829843,20,Slovakia,Pravda,SNS
-.1173,0,.216033333,.031241857,.056943896,.008268323,20,Slovakia,Nový Cas,SNS
-.1173,0,.163598876,-.0211926,.044879167,-.003796405,20,Slovakia,SME,SNS
-.1173,0,.178996296,-.00579518,.049691473,.0010159,20,Slovakia,STV 1,SNS
-.1173,0,.179997297,-.004794179,.046017597,-.002657975,20,Slovakia,TV Markiza,SNS
-.0879,0,.1621,.005616853,.078721188,1.51806E-05,20,Slovakia,Pravda,LS-HZDS
-.0879,0,.078766667,-.077716481,.082324052,.003618045,20,Slovakia,Nový Cas,LS-HZDS
-.0879,0,.159291011,.002807864,.06998229,-.008723718,20,Slovakia,SME,LS-HZDS
-.0879,0,.226914815,.070431668,.085542873,.006836866,20,Slovakia,STV 1,LS-HZDS
-.0879,0,.155343243,-.001139904,.076959632,-.001746375,20,Slovakia,TV Markiza,LS-HZDS
-.0831,0,-.030468421,.012896279,.082202974,-.001007541,20,Slovakia,Pravda,KDH
-.0831,0,-.027544444,.015820256,.079729941,-.003480574,20,Slovakia,Nový Cas,KDH
-.0831,0,-.03815618,.00520852,.085187215,.0019767,20,Slovakia,SME,KDH
-.0831,0,-.064581481,-.021216782,.087060681,.003850166,20,Slovakia,STV 1,KDH
-.0831,0,-.056072973,-.012708273,.081871766,-.00133875,20,Slovakia,TV Markiza,KDH
-.082277778,.055555556,-.018280919,.026145208,-.16958023,.962556264,21,Slovenia,Dnevnik,SD
-.193388889,-.055555556,-.037833333,.006592794,-.184671379,-.247582925,21,Slovenia,Slovenske Novice,SD
.028833333,.166666667,-.060146817,-.01572069,-.17079713,-.233708675,21,Slovenia,Delo,SD
-.3045,-.166666667,-.0405,.003926127,-.179514479,-.242426024,21,Slovenia,TVS 1,SD
-.137833333,0,-.065369565,-.020943438,-.175927095,-.23883864,21,Slovenia,POP TV,SD
-.2926,-.088888889,-.218395053,-.007488788,-.179793147,-1.24883733,21,Slovenia,Dnevnik,SDS
-.2926,-.088888889,-.225933333,-.015027068,-.165812566,.314897549,21,Slovenia,Slovenske Novice,SDS
-.237044444,-.033333333,-.228944969,-.018038704,-.17174217,.308967946,21,Slovenia,Delo,SDS
.096288889,.3,-.2046,.006306265,-.167383771,.313326345,21,Slovenia,TVS 1,SDS
-.2926,-.088888889,-.176657971,.034248294,-.169064626,.31164549,21,Slovenia,POP TV,SDS
.184077778,.2,.111246996,-.010165832,.044505672,1.304655175,21,Slovenia,Dnevnik,Zares
-.0937,-.077777778,.1063,-.015112829,.026180549,-.331173829,21,Slovenia,Slovenske Novice,Zares
-.0937,-.077777778,.136279466,.014866637,.039415046,-.317939333,21,Slovenia,Delo,Zares
-.0937,-.077777778,.1223,.000887171,.026436388,-.330917991,21,Slovenia,TVS 1,Zares
.017411111,.033333333,.130937681,.009524852,.032730357,-.324624022,21,Slovenia,POP TV,Zares
-.0745,0,.112779152,.009932471,.054276586,.343846264,21,Slovenia,Dnevnik,DeSUS
-.0745,0,.081055556,-.021791126,.050718024,-.086861704,21,Slovenia,Slovenske Novice,DeSUS
-.0745,0,.126732033,.023885351,.046730603,-.090849124,21,Slovenia,Delo,DeSUS
-.0745,0,.1015,-.001346681,.054040694,-.083539034,21,Slovenia,TVS 1,DeSUS
-.0745,0,.092166667,-.010680015,.054983325,-.082596403,21,Slovenia,POP TV,DeSUS
-.0314,-.022222222,-.0314,-.014975028,.084235449,-.970254213,21,Slovenia,Dnevnik,SNS
.024155556,.033333333,-.009177778,.007247194,.098470472,.248855698,21,Slovenia,Slovenske Novice,SNS
-.0314,-.022222222,-.025239836,-.008814864,.085690888,.236076114,21,Slovenia,Delo,SNS
-.0314,-.022222222,.0006,.017024972,.090010212,.240395438,21,Slovenia,TVS 1,SNS
.024155556,.033333333,-.016907246,-.000482274,.094541737,.244926963,21,Slovenia,POP TV,SNS
-.0399,-.011111111,-.018698587,.003132715,.079017442,-.62880653,21,Slovenia,Dnevnik,SLS
.015655556,.044444444,-.017677778,.004153523,.08831911,.161919559,21,Slovenia,Slovenske Novice,SLS
-.0399,-.011111111,-.023472895,-.001641594,.080411254,.154011702,21,Slovenia,Delo,SLS
-.0399,-.011111111,-.0239,-.002068699,.085605337,.159205785,21,Slovenia,TVS 1,SLS
-.0399,-.011111111,-.025407246,-.003575945,.080069036,.153669484,21,Slovenia,POP TV,SLS
.003455556,-.022222222,.152846996,.007653839,.082002914,.868364092,21,Slovenia,Dnevnik,LDS
.059011111,.033333333,.1479,.002706842,.072419555,-.219273083,21,Slovenia,Slovenske Novice,LDS
.114566667,.088888889,.163505749,.018312592,.079713191,-.211979448,21,Slovenia,Delo,LDS
-.0521,-.077777778,.1399,-.005293158,.072502112,-.219190527,21,Slovenia,TVS 1,LDS
.003455556,-.022222222,.121813043,-.023380114,.073771604,-.217921034,21,Slovenia,POP TV,LDS
-.034,0,-.012798587,-.014234584,.082635313,-.863345973,21,Slovenia,Dnevnik,NSI
-.034,0,.032666667,.031230669,.091676235,.217174297,21,Slovenia,Slovenske Novice,NSI
-.034,0,-.011412731,-.012848728,.087878319,.213376381,21,Slovenia,Delo,NSI
-.034,0,-.018,-.019435997,.095603507,.221101569,21,Slovenia,TVS 1,NSI
-.034,0,.016724638,.01528864,.086195663,.211693725,21,Slovenia,POP TV,NSI
.500693939,.585454545,.114599492,-.063166556,-.256747974,.037776404,22,Spain,El País,PSOE
-.4387,-.353939394,.204492488,.02672644,-.278072001,.016452377,22,Spain,El Mundo,PSOE
-.4387,-.353939394,.214958537,.037192488,-.286586633,.007937745,22,Spain,ABC,PSOE
.288572727,.373333333,.120123529,-.057642519,-.264503374,.030816894,22,Spain,TV1,PSOE
-.40839697,-.323636364,.137571186,-.040194862,-.280136274,.013801669,22,Spain,Antena3,PSOE
.076451515,.161212121,.202325641,.024559592,-.270393829,.057987049,22,Spain,T5,PSOE
-.3942,-.465454545,-.211458883,-.074183989,-.250896026,.001455729,22,Spain,El País,PP
.423981818,.352727273,-.18762723,-.050352336,-.218694875,.03365688,22,Spain,El Mundo,PP
.545193939,.473939394,-.135663415,.001611479,-.209882173,.042469582,22,Spain,ABC,PP
-.3942,-.465454545,-.168709804,-.03143491,-.232752575,.01959918,22,Spain,TV1,PP
.484587879,.413333333,-.038267797,.099007097,-.210373031,.041978724,22,Spain,Antena3,PP
-.121472727,-.192727273,-.112148718,.025126176,-.22939957,.022952185,22,Spain,T5,PP
-.0377,0,.053670558,.036921648,.14510237,.043600402,22,Spain,El País,IU
-.0377,0,.009248357,-.007500553,.125562584,.024060616,22,Spain,El Mundo,IU
-.0377,0,-.013309756,-.030058666,.117830445,.016328477,22,Spain,ABC,IU
-.0377,0,.060339216,.043590306,.13036271,.028860743,22,Spain,TV1,IU
-.0377,0,-.003801695,-.020550605,.117674564,.016172597,22,Spain,Antena3,IU
-.0377,0,-.012058974,-.028807884,.131567097,.030065129,22,Spain,T5,IU
-.0119,-.024242424,.038861421,.025012548,.150627113,.019976449,22,Spain,El País,UPD
.109312121,.096969697,.035048357,.021199483,.153356107,.022705443,22,Spain,El Mundo,UPD
.01840303,.006060606,.022246341,.008397468,.174087991,.043437327,22,Spain,ABC,UPD
-.0119,-.024242424,.007707843,-.006141031,.150959663,.020308999,22,Spain,TV1,UPD
-.0119,-.024242424,-.0119,-.025748874,.163043804,.03239314,22,Spain,Antena3,UPD
-.0119,-.024242424,-.0119,-.025748874,.15474435,.024093686,22,Spain,T5,UPD
-.0303,0,.030613706,.027708175,.133812353,.025761787,22,Spain,El País,CiU
-.0303,0,-.002130986,-.005036517,.137838121,.029787554,22,Spain,El Mundo,CiU
-.0303,0,-.015665854,-.018571385,.129683955,.021633389,22,Spain,ABC,CiU
-.0303,0,.018719608,.015814077,.136327103,.028276536,22,Spain,TV1,CiU
-.0303,0,-.013350847,-.016256378,.13554642,.027495854,22,Spain,Antena3,CiU
-.0303,0,-.004658974,-.007564505,.133210379,.025159813,22,Spain,T5,CiU
-.0119,-.004848485,.049013706,.027708175,.153402164,.026659995,22,Spain,El País,PNV
-.0119,-.004848485,.016269014,-.005036517,.155310063,.028567895,22,Spain,El Mundo,PNV
-.0119,-.004848485,.002734146,-.018571385,.150166414,.023424246,22,Spain,ABC,PNV
.01840303,.025454545,.037119608,.015814077,.154906472,.028164304,22,Spain,TV1,PNV
-.0119,-.004848485,.005049153,-.016256378,.149544517,.022802349,22,Spain,Antena3,PNV
-.0119,-.004848485,.013741026,-.007564505,.155571573,.028829404,22,Spain,T5,PNV
.535814286,.622857143,.036940741,-.029691197,-.198912812,.009893063,23,Sweden,Aftonbladet,SAP
-.292757143,-.205714286,.035569501,-.031062436,-.207915799,.000890075,23,Sweden,Dagens Nyheter,SAP
-.3499,-.262857143,.01108764,-.055544297,-.225597562,-.016791688,23,Sweden,Svenska Dagbladet,SAP
-.064185714,.022857143,.059131034,-.007500903,-.204730058,.004075816,23,Sweden,SVT 2,SAP
-.264185714,-.177142857,.190430769,.123798832,-.20687314,.001932734,23,Sweden,TV4,SAP
-.2623,-.222857143,-.044707407,-.022195413,-.122011273,-.00620126,23,Sweden,Aftonbladet,M
-.119442857,-.08,-.036493548,-.013981554,-.121145753,-.005335741,23,Sweden,Dagens Nyheter,M
.623414286,.662857143,-.000127715,.022384279,-.106556087,.009253926,23,Sweden,Svenska Dagbladet,M
-.2623,-.222857143,-.038162069,-.015650075,-.115647854,.000162159,23,Sweden,SVT 2,M
-.176585714,-.137142857,.006930769,.029442763,-.113689097,.002120916,23,Sweden,TV4,M
-.0788,0,-.22952963,.01035774,.058976642,-.005281321,23,Sweden,Aftonbladet,C
-.0788,0,-.217935191,.021952179,.064013208,-.000244754,23,Sweden,Dagens Nyheter,C
-.0788,0,-.211323221,.028564149,.069835639,.005577676,23,Sweden,Svenska Dagbladet,C
-.0788,0,-.229210345,.010677025,.063641852,-.000616111,23,Sweden,SVT 2,C
-.0788,0,-.311438462,-.071551092,.064822472,.00056451,23,Sweden,TV4,C
-.0754,-.171428571,.086637037,.000421592,.063526907,-.005139589,23,Sweden,Aftonbladet,FP
.581742857,.485714286,.077092669,-.009122777,.068345948,-.000320549,23,Sweden,Dagens Nyheter,FP
-.0754,-.171428571,.070667416,-.01554803,.079706954,.011040458,23,Sweden,Svenska Dagbladet,FP
-.046828571,-.142857143,.079772414,-.006443032,.068390399,-.000276097,23,Sweden,SVT 2,FP
.096028571,0,.116907692,.030692247,.063362273,-.005304223,23,Sweden,TV4,FP
-.0659,0,.068359259,.027616339,.073760578,-.003863062,23,Sweden,Aftonbladet,KD
-.0659,0,.066064809,.025321889,.068747095,-.008876544,23,Sweden,Dagens Nyheter,KD
-.0659,0,.076422097,.035679177,.086115915,.008492275,23,Sweden,Svenska Dagbladet,KD
-.0659,0,.020306897,-.020436024,.079173849,.001550209,23,Sweden,SVT 2,KD
-.0659,0,-.027438462,-.068181382,.080320762,.002697122,23,Sweden,TV4,KD
-.0585,0,-.002944444,.022729665,.089669527,.007999229,23,Sweden,Aftonbladet,VP
-.0585,0,-.020376833,.005297277,.086108714,.004438416,23,Sweden,Dagens Nyheter,VP
-.0585,0,-.039773408,-.014099299,.069908091,-.011762207,23,Sweden,Svenska Dagbladet,VP
-.0585,0,-.006775862,.018898247,.080100995,-.001569303,23,Sweden,SVT 2,VP
-.0585,0,-.0585,-.03282589,.082564163,.000893865,23,Sweden,TV4,VP
-.0524,-.011428571,.142044444,-.009238726,.09179043,.00259294,23,Sweden,Aftonbladet,MP
-.0524,-.011428571,.152878592,.001595422,.098646588,.009449098,23,Sweden,Dagens Nyheter,MP
-.0524,-.011428571,.149847191,-.001435979,.08338705,-.00581044,23,Sweden,Svenska Dagbladet,MP
-.023828571,.017142857,.171737931,.020454761,.085870818,-.003326673,23,Sweden,SVT 2,MP
-.023828571,.017142857,.139907692,-.011375478,.086292566,-.002904924,23,Sweden,TV4,MP
-.3519,-.152,.18,.066,-.195983054,-.011089954,24,UK,Daily Telegraph,Labour
.2481,.448,.163,.05,-.167018328,.017874772,24,UK,The Guardian,Labour
-.3519,-.152,.154,.041,-.189795229,-.004902129,24,UK,The Sun,Labour
-.1919,.008,.148,.035,-.184395623,.000497476,24,UK,BBC One,Labour
-.3519,-.152,-.079,-.192,-.187273265,-.002380166,24,UK,ITV1,Labour
.5564,.448,-.035311712,-.055074608,-.138866812,.019500172,24,UK,Daily Telegraph,Cons
-.3236,-.432,-.041391411,-.061154308,-.17647739,-.018110406,24,UK,The Guardian,Cons
.5564,.448,.018172152,-.001590745,-.158792924,-.00042594,24,UK,The Sun,Cons
-.2036,-.312,.0264,.006637103,-.156081602,.002285382,24,UK,BBC One,Cons
-.0436,-.152,.130945455,.111182558,-.161616192,-.003249208,24,UK,ITV1,Cons
-.2205,-.08,-.13040991,-.005277042,-.052358979,.003339659,24,UK,Daily Telegraph,LIbDem
.0595,.2,-.116205521,.008927346,-.046820191,.008878447,24,UK,The Guardian,LIbDem
-.2205,-.08,-.169867089,-.044734221,-.067487728,-.01178909,24,UK,The Sun,LIbDem
-.1005,.04,-.1705,-.045367132,-.053973164,.001725474,24,UK,BBC One,LIbDem
-.2205,-.08,-.038681818,.086451049,-.057853128,-.00215449,24,UK,ITV1,LIbDem
-.0152,0,-.0152,-.077349114,.150346178,-.00287249,24,UK,Daily Telegraph,SNP
-.0152,0,.089094479,.026945364,.153687087,.000468419,24,UK,The Guardian,SNP
-.0152,0,.035432911,-.026716203,.157250204,.004031536,24,UK,The Sun,SNP
-.0152,0,.0348,-.027349114,.150173641,-.003045026,24,UK,BBC One,SNP
-.0152,0,.166618182,.104469067,.154636229,.001417561,24,UK,ITV1,SNP
-.006,0,-.006,-.01,.157255184,-.005021004,24,UK,Daily Telegraph,Plaid Cymru
-.006,0,-.006,-.01,.16298329,.000707102,24,UK,The Guardian,Plaid Cymru
-.006,0,-.006,-.01,.161324613,-.000951575,24,UK,The Sun,Plaid Cymru
-.006,0,.044,.04,.166840878,.00456469,24,UK,BBC One,Plaid Cymru
-.006,0,-.006,-.01,.162976976,.000700788,24,UK,ITV1,Plaid Cymru
-.007,0,.08309009,.014005187,.155407483,-.003856383,24,UK,Daily Telegraph,BNP
-.007,0,.091159509,.022074607,.149445533,-.009818333,24,UK,The Guardian,BNP
-.007,0,.094265823,.02518092,.173301064,.014037198,24,UK,The Sun,BNP
-.007,0,-.007,-.076084903,.15323587,-.006027996,24,UK,BBC One,BNP
-.007,0,.083909091,.014824188,.164929379,.005665514,24,UK,ITV1,BNP
-.0617,-.016666667,-.033922222,5.11996E-05,-.105811348,.002502639,25,Wallonia,Le Soir,MR
.1883,.233333333,-.048542105,-.014568683,-.098949519,.009364468,25,Wallonia,La Derniere Heure,MR
-.228366667,-.183333333,-.032630233,.001343189,-.112473059,-.004159072,25,Wallonia,La Libre Belgique,MR
-.3117,-.266666667,-.076405882,-.042432461,-.11030269,-.001988703,25,Wallonia,RTBF La Une,MR
.1883,.233333333,.021633333,.055606755,-.11403332,-.005719332,25,Wallonia,RTL-TVI,MR
.121366667,.1,.093588889,.118138255,-.101817173,-.005162204,25,Wallonia,Le Soir,PS
-.128633333,-.15,.073121053,.097670419,-.0963455,.000309468,25,Wallonia,La Derniere Heure,PS
-.2953,-.316666667,.007025581,.031574947,-.101592149,-.00493718,25,Wallonia,La Libre Belgique,PS
.4547,.433333333,-.001182353,.023367013,-.093881359,.00277361,25,Wallonia,RTBF La Une,PS
-.0453,-.066666667,-.2953,-.270750634,-.089638662,.007016306,25,Wallonia,RTL-TVI,PS
-.1576,-.166666667,.120177778,-.067853857,.042058961,-.002689399,25,Wallonia,Le Soir,CDH
-.074266667,-.083333333,.052926316,-.135105319,.039513413,-.005234947,25,Wallonia,La Derniere Heure,CDH
.5924,.583333333,.121469767,-.066561868,.051594979,.006846619,25,Wallonia,La Libre Belgique,CDH
-.1576,-.166666667,.136517647,-.051513988,.041236194,-.003512166,25,Wallonia,RTBF La Une,CDH
-.1576,-.166666667,.509066667,.321035032,.049338253,.004589893,25,Wallonia,RTL-TVI,CDH
-.044366667,.066666667,-.072144444,-.050335597,.083182908,.00817641,25,Wallonia,Le Soir,Ecolo
-.1277,-.016666667,.030194737,.052003584,.066644063,-.008362435,25,Wallonia,La Derniere Heure,Ecolo
-.1277,-.016666667,.011834884,.033643731,.068665296,-.006341202,25,Wallonia,La Libre Belgique,Ecolo
-.1277,-.016666667,.048770588,.070579435,.088884108,.01387761,25,Wallonia,RTBF La Une,Ecolo
-.1277,-.016666667,-.1277,-.105891153,.067656115,-.007350383,25,Wallonia,RTL-TVI,Ecolo
-.0558,0,-.0558,0,.134286652,-.002827446,25,Wallonia,Le Soir,FN
-.0558,0,-.0558,0,.141037543,.003923445,25,Wallonia,La Derniere Heure,FN
-.0558,0,-.0558,0,.145704933,.008590835,25,Wallonia,La Libre Belgique,FN
-.0558,0,-.0558,0,.125963747,-.011150351,25,Wallonia,RTBF La Une,FN
-.0558,0,-.0558,0,.138577615,.001463517,25,Wallonia,RTL-TVI,FN
